COD,intercept,slope,mk_p_value,Trend_Class
102_IE,0.7530284688690037,-1.1267559228362005e-5,0.22933194239164753,0
105_IE,0.6585618399404158,-4.446019776662749e-5,0.13756389390990334,0
106_IE,0.6585618399404158,-4.446019776662749e-5,0.13756389390990334,0
108_IE,0.7731683267237782,-1.6007735695569096e-5,0.35797067264432814,0
111_IE,0.6391169358839399,-2.9931660706023138e-5,0.103876157063085,0
112_IE,0.6358922359733338,-6.115182858888683e-5,0.008888969943914301,2
113_IE,0.685413493454022,-8.448726255582874e-5,5.305801122510547e-4,3
114_IE,0.6724971703021587,-6.79958283477457e-5,1.0062192211963686e-4,3
115_IE,0.7358572703859325,-3.4837517443813626e-5,0.35797067264432814,0
116_IE,0.708336807616915,-5.090829221845124e-5,0.02837726673798745,1
117_IE,0.7427673438736409,-2.6756925826511585e-5,0.02837726673798745,1
118_IE,0.7614612422648105,-1.7012476280975284e-5,0.103876157063085,0
119_IE,0.7585927876628863,-1.8590169621236432e-5,0.22933194239164753,0
11_SC,0.7131329548952197,-4.166754931428803e-6,0.7236736098317631,0
120_IE,0.7708020663084392,-1.7413898160451954e-5,0.103876157063085,0
122_IE,0.6410396657245748,-7.353158002532245e-5,0.02837726673798745,1
123_IE,0.6399607922185038,-3.689823115115427e-5,0.05623780387727595,0
126_IE,0.7372097136623643,-2.6483128595479287e-5,0.22933194239164753,0
127_IE,0.7622812570310107,-2.0352205806687713e-5,0.103876157063085,0
128_IE,0.7630336487776519,-4.383952607438701e-6,0.6206179464376897,0
129_IE,0.725582085342019,-2.4690502883580212e-5,0.5245182802130763,0
130_IE,0.7667867266917885,-2.0109601565843105e-5,0.9436280222029834,0
134_IE,0.7663043737411499,-2.2198680490686556e-6,0.7236736098317631,0
135_IE,0.7453915988086344,-1.9503590253060454e-5,0.43667663367489096,0
136_IE,0.7452441750646553,-2.5234341353196123e-6,0.7236736098317631,0
140_IE,0.7786797796086569,1.2027600781655536e-5,0.005820666407810881,0
141_IE,0.7706611135068009,-3.0245135010851294e-5,0.019624414976639703,1
142_IE,0.7603578017126459,-2.7034104646177936e-5,0.13756389390990334,0
143_IE,0.726336852933326,-3.4278345293638e-5,0.13756389390990334,0
144_IE,0.7737506230672201,-1.626340325449893e-5,0.43667663367489096,0
146_IE,0.7733949711773205,-4.603790622619998e-5,0.005820666407810881,2
147_IE,0.7299599407245476,-6.0237187567239856e-5,0.005820666407810881,2
149_IE,0.6895357315621351,-5.5428860577647215e-5,0.17910919272672204,0
14_SC,0.7534080979771249,8.718454798865557e-7,0.9436280222029834,0
150_IE,0.7207077534686719,-5.3361005469472646e-5,0.103876157063085,0
151_IE,0.7260151034955229,-5.4385747404253886e-5,0.103876157063085,0
161_PL,0.6985577516604735,-7.214762732819644e-5,1.7848775202400114e-4,3
162_PL,0.7695094067919569,-3.982454200531783e-5,0.013328328780817557,1
164_PL,0.7661882419646309,-4.1760745960134016e-5,0.05623780387727595,0
165_PL,0.7529973983764648,-1.5921647886430305e-5,0.35797067264432814,0
166_PL,0.7524260348722844,-3.3418952522942504e-5,0.013328328780817557,1
167_PL,0.7524260348722844,-3.3418952522942504e-5,0.013328328780817557,1
168_PL,0.7455097509267115,-3.9053420044614156e-5,0.05623780387727595,0
169_PL,0.7359924597077108,-4.082467562349701e-5,0.005820666407810881,2
171_PL,0.6942289454895194,-5.165155484692575e-5,0.13756389390990334,0
172_PL,0.7378092690836147,-3.786347051101344e-5,0.17910919272672204,0
174_PL,0.74157538775467,-4.050575423058717e-5,0.02837726673798745,1
175_PL,0.783383529110173,-4.4828715794492796e-5,0.008888969943914301,2
176_PL,0.7528727811120748,-2.211459796690149e-5,0.6206179464376897,0
177_PL,0.745032497748557,-3.562768887271712e-5,0.0770998717435418,0
178_PL,0.7655653807327558,-2.9605959547150753e-5,0.04030497436254078,1
179_PL,0.769122924034028,-3.3753435918768354e-5,0.013328328780817557,1
180_PL,0.7612946094832138,-3.491594968104565e-5,0.005820666407810881,2
181_PL,0.7465855816426629,-3.755514558202057e-5,0.2888443663464849,0
183_PL,0.7574897356597016,-4.277260029113332e-5,0.2888443663464849,0
185_PL,0.7148180767961787,-2.2205221201752314e-5,0.7236736098317631,0
186_PL,0.7372206870273894,-3.4584081530585634e-5,0.103876157063085,0
187_PL,0.7289233146346148,-6.156004134116403e-5,0.05623780387727595,0
189_PL,0.7303841739516641,-3.1337216290080317e-5,0.0770998717435418,0
18_SC,0.7358532551493335,-1.096650870793709e-6,0.2888443663464849,0
190_PL,0.7215018270195261,-3.8382935368807785e-5,0.02837726673798745,1
191_PL,0.734593074747268,-2.2589033493679164e-5,0.2888443663464849,0
192_PL,0.7464205326604061,-1.8598146624449053e-5,0.13756389390990334,0
193_PL,0.7664441552372379,-4.336346870806945e-5,0.02837726673798745,1
194_PL,0.7472489873568217,-8.763085429147423e-6,0.22933194239164753,0
195_PL,0.7644230451241326,-2.588998538689816e-5,0.103876157063085,0
196_PL,0.7877378662427267,-1.703072132568412e-5,0.02837726673798745,1
197_PL,0.7855012460312847,-1.983240403593469e-5,0.008888969943914301,2
198_PL,0.7808745497866831,-2.4911182161999493e-5,8.892670321324559e-4,3
19_SC,0.7358532551493335,-1.096650870793709e-6,0.2888443663464849,0
1_SC,0.741007002100495,-5.5612674349448144e-5,0.103876157063085,0
201_PL,0.7626854229515703,-4.652163820030239e-5,0.005820666407810881,2
202_PL,0.7717170139419798,-2.178564718693593e-5,0.002361392962674657,2
203_PL,0.78030763096724165,-2.1525351731248966e-5,0.0014627165866811518,2
204_PL,0.78030763096724165,-2.1525351731248966e-5,0.0014627165866811518,2
205_PL,0.7738057988707805,-2.844057075635174e-5,0.04030497436254078,1
207_PL,0.7714279720995636,-2.1356236598907923e-5,0.013328328780817557,1
208_PL,0.7784820249166591,-4.832122861506928e-6,0.5245182802130763,0
209_PL,0.775516416675804,-1.1657151087160571e-5,0.35797067264432814,0
20_SC,0.7611900594477103,-2.5083827362506167e-5,0.013328328780817557,1
210_PL,0.7725217292366916,-4.982087180160466e-6,0.13756389390990334,0
211_PL,0.770732290815405,-1.2728496927727434e-5,0.13756389390990334,0
213_PL,0.7376062181019587,-1.7090518168046964e-5,0.17910919272672204,0
214_PL,0.7622139701432606,-3.4515357022264404e-5,0.05623780387727595,0
217_PL,0.7627544528869517,-2.6513861050387595e-5,0.13756389390990334,0
21_SC,0.718225308738365,-2.2825206040946646e-5,0.2888443663464849,0
220_PL,0.7776381590787103,-1.720480886545101e-5,0.22933194239164753,0
221_PL,0.7592127292546783,-1.732950367784103e-5,0.22933194239164753,0
226_PL,0.7720487568407068,-4.132978941204148e-5,0.0770998717435418,0
227_PL,0.7370549858676998,-2.7914279449566573e-5,0.13756389390990334,0
228_PL,0.7576874133473669,-2.7706796359321418e-5,0.05623780387727595,0
229_PL,0.7590197324752808,-3.4061329063291465e-5,0.013328328780817557,1
230_PL,0.7590197324752808,-3.4061329063291465e-5,0.013328328780817557,1
232_PL,0.7331930005120175,-5.396443638502207e-5,0.0014627165866811518,2
233_PL,0.7397782210522814,-4.255418896671691e-5,0.013328328780817557,1
234_PL,0.7357401263868213,-4.42762985857403e-5,0.013328328780817557,1
238_PL,0.694854831061895,-4.081942619944499e-5,0.22933194239164753,0
239_PL,0.7534641313613752,-3.1871076146352184e-5,0.05623780387727595,0
242_ST,0.749504214949355,-3.37990644800962e-5,0.2888443663464849,0
244_ST,0.764269320032456,-2.7403451047142986e-5,0.02837726673798745,1
246_ST,0.7188832645987155,-3.8881550480497106e-05,0.103876157063085,0
247_ST,0.7468992580865468,-4.473118395224439e-5,0.5245182802130763,0
248_ST,0.7611124985095,-1.467241038821896e-5,0.7236736098317631,0
251_ST,0.7434108947171594,-6.822592013832434e-10,0.2888443663464849,0
253_ST,0.7659203151389211,-9.518835608257277e-6,0.5245182802130763,0
254_ST,0.776882164761069,-3.26747704411793e-5,0.013328328780817557,1
255_ST,0.7636251513583538,-1.7425769431366287e-5,0.7236736098317631,0
256_ST,0.7740922971304012,-2.4812220031999825e-5,0.04030497436254078,1
257_ST,0.7622794088480788,-2.828653544464136e-5,0.0770998717435418,0
258_ST,0.7414061135182193,-1.053195728600976e-5,1,0
260_ST,0.7658086267920348,-2.6599577134356473e-5,0.003741903955543126,2
261_ST,0.7412864529609681,-2.4136575415152084e-5,0.35797067264432814,0
262_ST,0.7621302610570815,-2.1251222359994286e-5,0.2888443663464849,0
263_ST,0.7572253007334818,-1.432866496302784e-5,0.2888443663464849,0
264_ST,0.7778998503576026,-2.002204954300727e-5,0.7236736098317631,0
267_ST,0.7556879921494594,-2.0004159795289583e-5,0.5245182802130763,0
268_ST,0.7594151538426246,-2.242712050167686e-5,0.04030497436254078,1
269_ST,0.7793631288215996,-2.2707406073469742e-5,0.17910919272672204,0
26_SC,0.7213588618929541,-2.599158922877807e-5,0.05623780387727595,0
270_ST,0.7735388071862745,-1.6963049730518636e-5,0.35797067264432814,0
271_ST,0.7415240123965808,-1.6664010111841704e-5,0.17910919272672204,0
272_ST,0.767489607718643,-3.1989933042767344e-5,0.02837726673798745,1
273_ST,0.7413801150690618,-1.101159665542658e-5,0.9436280222029834,0
274_ST,0.7475777733465176,-6.149548297104411e-6,0.17910919272672204,0
275_ST,0.7369769798444706,1.4173308279577947e-6,0.5245182802130763,0
276_ST,0.7778532877064085,-4.208747810504139e-5,5.305801122510547e-4,3
277_ST,0.7746912468868087,-2.2325415963693483e-5,0.02837726673798745,1
278_ST,0.7746912468868087,-2.2325415963693483e-5,0.02837726673798745,1
279_ST,0.7678017017456026,-2.2652783989471544e-5,0.008888969943914301,2
280_ST,0.7652831790653332,-1.1068846891532908e-5,1,0
281_ST,0.7606563029267431,-2.4097221852629417e-5,0.103876157063085,0
283_ST,0.7561833377888567,-4.673545207074037e-5,0.003741903955543126,2
285_ST,0.7463594481037525,-2.6397469847246482e-5,0.2888443663464849,0
287_ST,0.7420132294178909,-1.7550816978457107e-5,0.7236736098317631,0
288_ST,0.7438546703616963,-4.459263718193346e-6,0.6206179464376897,0
289_ST,0.7330476597760075,-2.1845516070353815e-5,0.22933194239164753,0
290_ST,0.7396471513223555,-7.96499416919351e-6,1,0
291_ST,0.7705247703154525,-1.6108756692324782e-5,0.8320040285726366,0
292_ST,0.7493843371572867,-7.616892748034611e-6,0.9436280222029834,0
293_ST,0.7553517828207241,-1.1755520860784315e-5,0.2888443663464849,0
295_ST,0.713392863009418,-3.4471430897325785e-5,0.04030497436254078,1
296_ST,0.7523640721966234,-2.4835936373348653e-5,0.8320040285726366,0
297_ST,0.7772354724185687,-1.2855288646278533e-5,0.7236736098317631,0
300_ST,0.7799347236075136,-1.0696394841512019e-5,0.35797067264432814,0
301_ST,0.760241979275734,8.842592986028814e-7,0.2888443663464849,0
302_ST,0.7556289493335393,-3.1902851692057355e-6,0.9436280222029834,0
303_ST,0.7621202858641896,4.862829378383886e-6,0.7236736098317631,0
304_ST,0.7615221967882246,-2.0178169438212325e-8,0.8320040285726366,0
305_ST,0.7841687862334733,-1.6531175085856805e-5,0.008888969943914301,2
306_ST,0.7814313407295101,-3.0655219875520757e-6,0.5245182802130763,0
307_ST,0.7814313407295101,-3.0655219875520757e-6,0.5245182802130763,0
308_ST,0.7496562963560107,-6.464074761796174e-6,0.13756389390990334,0
309_ST,0.7501329356218907,-1.1056585633040503e-5,0.43667663367489096,0
310_ST,0.7501329356218907,-1.1056585633040503e-5,0.43667663367489096,0
311_ST,0.7858215981239293,-1.7744283667683586e-5,0.43667663367489096,0
314_ST,0.7851591142971945,1.2990041540072555e-6,0.8320040285726366,0
315_ST,0.7851591142971945,1.2990041540072555e-6,0.8320040285726366,0
316_ST,0.7874059847061439,-1.2729530986474258e-5,0.43667663367489096,0
317_ST,0.7673150915033508,-9.261173452199206e-7,0.35797067264432814,0
318_ST,0.7728670558482067,-5.2442512628076175e-6,0.6206179464376897,0
319_ST,0.7823090762549186,-1.8843333224732054e-5,0.103876157063085,0
320_ST,0.7521442783693529,-8.520780628938169e-6,0.5245182802130763,0
321_PE,0.7286816142003372,-5.901072155389138e-5,0.013328328780817557,1
323_PE,0.7158175633744497,-4.6793401528053e-5,0.13756389390990334,0
324_PE,0.7189638902862261,-4.563798940686322e-5,0.02837726673798745,1
326_PE,0.715811664858446,-4.7838175758446356e-5,0.02837726673798745,1
327_PE,0.6907585882747945,-4.609914504410362e-5,0.0770998717435418,0
329_PE,0.7488877299727449,-2.9779256636775037e-5,0.103876157063085,0
330_PE,0.7477322687065144,-3.1268692088005496e-5,0.103876157063085,0
332_PE,0.7524609186903757,8.703355099552248e-7,0.8320040285726366,0
333_PE,0.7919117885545722,-8.266101892072401e-6,0.43667663367489096,0
337_PE,0.7235165844519353,-7.202709936669763e-6,0.17910919272672204,0
338_PE,0.7473217844963074,-1.0361984848097444e-5,0.6206179464376897,0
340_PE,0.7680674992137783,-2.8639637449126322e-5,0.43667663367489096,0
341_PE,0.7337618464879598,-1.8518577863229633e-5,0.8320040285726366,0
342_PE,0.754933183802628,-1.3611507948244154e-5,0.35797067264432814,0
343_PE,0.7565813737977398,-1.397841776970113e-5,0.2888443663464849,0
346_PE,0.7816467018837161,-2.4880864339684175e-5,0.0770998717435418,0
349_PE,0.7753556193695577,-2.6341033152074623e-5,0.13756389390990334,0
351_PE,0.7561424777092198,8.118574932902174e-7,0.43667663367489096,0
352_PE,0.7494820060713818,-1.7366294585476363e-5,0.103876157063085,0
354_PE,0.7635631575361939,-1.941660812118019e-5,0.0770998717435418,0
356_PE,0.7609720916997778,-1.8720884810291208e-5,0.005820666407810881,2
357_PE,0.7609720916997778,-1.8720884810291208e-5,0.005820666407810881,2
358_PE,0.738552312125111,-2.6785593187599486e-5,0.05623780387727595,0
359_PE,0.7710930211849027,-3.396628731725909e-5,0.003741903955543126,2
35_SC,0.681052699622823,-4.0121134685505415e-5,0.6206179464376897,0
360_PE,0.7631145422310792,-3.2635341352289515e-5,0.02837726673798745,1
361_PE,0.6451175734883305,-8.685962588870075e-6,0.8320040285726366,0
364_PE,0.7277554422616959,-1.607612869427774e-5,0.2888443663464849,0
365_PE,0.7533513879626451,-2.1063280011212132e-5,0.43667663367489096,0
367_PE,0.7258066046778852,-1.300664171468924e-5,0.9436280222029834,0
369_PE,0.7477214740118082,-1.7943957395900755e-5,0.13756389390990334,0
372_PE,0.72450460918091,-2.8033834689625903e-5,0.04030497436254078,1
373_PE,0.7598379498196982,-3.5966826104563284e-5,0.008888969943914301,2
374_PE,0.7598379498196982,-3.5966826104563284e-5,0.008888969943914301,2
375_PE,0.7277891283313545,-2.095396865683762e-5,0.0770998717435418,0
378_PE,0.7375434835552247,-2.3987661612068655e-5,0.04030497436254078,1
382_PE,0.7274434883979171,-1.5463808139743778e-5,0.9436280222029834,0
383_PE,0.7384032673460141,-1.0124720268553298e-5,0.6206179464376897,0
384_PE,0.7313383582932677,-1.5565339906686017e-5,0.43667663367489096,0
385_PE,0.7563187883548124,-1.2649874214729233e-5,0.43667663367489096,0
386_PE,0.7412746548652649,-1.318569461825674e-5,0.019624414976639703,1
388_PE,0.7382952751123806,-1.959508569675776e-5,0.2888443663464849,0
389_PE,0.7382952751123806,-1.959508569675776e-5,0.2888443663464849,0
390_PE,0.7648921508528297,-9.447906352722308e-6,0.43667663367489096,0
391_PE,0.7536985925861595,-1.5293487830509655e-5,0.9436280222029834,0
392_PE,0.7470188047174471,-2.690474814025798e-5,0.0770998717435418,0
393_PE,0.7286705076694489,-5.8529253589573295e-6,0.17910919272672204,0
394_PE,0.7382146788614841,3.3329537972749318e-6,0.5245182802130763,0
395_PE,0.734279556587489,-6.250208239290246e-7,0.6206179464376897,0
396_PE,0.7410793881765618,-2.3589129767222644e-5,0.17910919272672204,0
398_PE,0.7513177119145981,-2.267913694673984e-5,0.05623780387727595,0
3_SC,0.7757693573121183,-3.952408498302501e-5,0.013328328780817557,1
400_PE,0.7489014276574835,-2.151925128848299e-5,0.103876157063085,0
406_MS,0.6256758524599544,-3.3811230922993826e-5,0.5245182802130763,0
40_SC,0.7063004241520696,-1.3469893641731252e-5,0.6206179464376897,0
410_MS,0.6336887214174298,-2.963901191224786e-5,0.22933194239164753,0
411_MS,0.6786419942254618,-2.5097947633749005e-5,0.2888443663464849,0
414_MS,0.6308604424514535,-4.797605662395281e-5,0.35797067264432814,0
416_MS,0.6416461936761024,-2.4233044115719273e-5,0.9436280222029834,0
418_MS,0.699999067415286,-1.0903953535203491e-5,1,0
41_SC,0.7120154178909481,-1.70600342463298e-5,0.8320040285726366,0
420_MS,0.6880631597692823,-4.661425641667035e-5,0.9436280222029834,0
424_MS,0.7492676973342896,-3.000173034187724e-5,0.002361392962674657,2
426_MS,0.7184035614922781,-2.9170192251010037e-5,0.0770998717435418,0
427_MS,0.750565841274148,-4.051511009657223e-5,0.2888443663464849,0
428_MS,0.7625306681349415,-2.2132024962935023e-5,0.2888443663464849,0
430_MS,0.7106525904880578,-3.5506683391529125e-5,0.0770998717435418,0
431_MS,0.7365846166966012,-2.7836362077584416e-5,0.013328328780817557,1
435_MS,0.684746707635774,-4.5721102977845304e-5,0.003741903955543126,2
436_MS,0.7188483189044312,-3.545681016187394e-5,0.005820666407810881,2
437_MS,0.7117709601017319,-1.956671324975484e-5,0.0770998717435418,0
438_MS,0.7324842653380798,-5.49843509518649e-5,0.0014627165866811518,2
439_MS,0.7290645925541954,-4.720817730806634e-5,1.7848775202400114e-4,3
440_MS,0.7615399663501189,-3.6238552156400125e-5,0.013328328780817557,1
442_MS,0.789554843680683,-2.524113414501738e-5,0.005820666407810881,2
443_MS,0.8060538227427159,-1.7380665581698398e-5,0.0770998717435418,0
446_MS,0.7876547887349514,-2.2833035817586334e-5,0.005820666407810881,2
449_MS,0.7943036941461689,-3.0352732828372638e-5,0.013328328780817557,1
44_SC,0.6486259150789616,-1.7187153675641673e-5,0.5245182802130763,0
451_MS,0.7762370479900538,-2.003754669274878e-5,0.05623780387727595,0
453_MS,0.7256330677175149,-2.2139674931568976e-5,0.2888443663464849,0
456_MS,0.7093932017220768,-1.3936161971159743e-5,0.05623780387727595,0
457_MS,0.6083620641357171,-4.3100116050249154e-5,0.22933194239164753,0
458_MS,0.5872540737356748,-2.5982351031676796e-5,0.103876157063085,0
459_MS,0.6450236673142596,-3.293754883511812e-5,0.9436280222029834,0
460_MS,0.6054211368752991,-2.9289467413792902e-5,0.9436280222029834,0
461_MS,0.6688606443357044,-6.557372199178357e-5,0.005820666407810881,2
462_MS,0.6965965379472926,-4.974364639410068e-5,0.008888969943914301,2
464_MS,0.7023128128240432,-5.008307975613162e-5,0.05623780387727595,0
469_MS,0.6466818075651715,-7.055274273300521e-5,0.013328328780817557,1
46_SC,0.6859390565359917,-2.7918428984149116e-5,0.5245182802130763,0
476_MS,0.6565692945108199,-7.501867966560822e-5,3.106603426391905e-4,3
479_MS,0.6503379176170823,-6.607273143905825e-5,0.013328328780817557,1
481_FS,0.5598402430822711,-2.6540934168568374e-5,0.2888443663464849,0
482_FS,0.6900644180257447,-4.203509696068752e-5,0.0770998717435418,0
483_FS,0.7169986069202423,-5.563981639772782e-5,0.04030497436254078,1
484_FS,0.68514558448938645,-5.037115067577469e-5,0.17910919272672204,0
485_FS,0.6680579694082787,-5.5115603246469816e-5,0.17910919272672204,0
488_FS,0.6587087735146753,-1.0857888005364368e-4,0.003741903955543126,2
489_FS,0.7101969540360761,-8.380892978484419e-5,0.002361392962674657,2
48_SC,0.716032605078938,-3.729691382257665e-5,0.13756389390990334,0
490_FS,0.6915422577981764,-5.845580253061233e-5,0.17910919272672204,0
491_FS,0.7026699393093798,-7.678183009475625e-5,0.22933194239164753,0
493_FS,0.6110665372379386,-4.622601055258158e-5,0.35797067264432814,0
494_FS,0.6499247047759203,-7.008255235360705e-5,0.13756389390990334,0
496_FS,0.5353432800747505,-5.5556119509826265e-5,0.5245182802130763,0
497_FS,0.5836647197792717,-2.6420764201744035e-5,0.17910919272672204,0
499_FS,0.6177980457272106,-3.9849893906943825e-5,0.9436280222029834,0
49_SC,0.6941969623378333,-1.0320507040332214e-5,0.9436280222029834,0
4_SC,0.7486772332646942,-4.8155279892860634e-5,0.003741903955543126,2
502_FS,0.5738366814765433,-1.564670198190473e-5,0.05623780387727595,0
503_FS,0.5662985222340908,-3.36292169747814e-5,0.13756389390990334,0
505_FS,0.7200048216177333,-6.326514667343949e-5,0.13756389390990334,0
508_FS,0.6130696081708009,-2.851753417464046e-5,0.17910919272672204,0
509_FS,0.7359424355519701,2.10167306949658e-6,0.04030497436254078,0
50_SC,0.6941969623378333,-1.0320507040332214e-5,0.9436280222029834,0
510_FS,0.6691663173797449,-3.5059483511684254e-5,0.2888443663464849,0
516_FS,0.693509829142746,-1.5067046778328762e-5,0.35797067264432814,0
517_FS,0.7127037644386292,-3.831649683495129e-5,0.13756389390990334,0
51_SC,0.7064740202889529,-3.385715523197041e-5,0.43667663367489096,0
520_FS,0.6998523712110649,-4.8407065208400324e-5,0.013328328780817557,1
529_FS,0.6514570294692856,-7.344039492199203e-5,0.05623780387727595,0
52_SC,0.700532438303081,-3.326787024177468e-5,0.6206179464376897,0
530_FS,0.6410912016204073,-7.832445269088988e-5,0.003741903955543126,2
534_FS,0.6743758889021703,-1.4961330641954054e-5,0.22933194239164753,0
535_FS,0.6665061957976648,-3.14352332735304e-5,0.9436280222029834,0
53_SC,0.7379571386795301,-2.8257056346392854e-5,0.35797067264432814,0
541_FS,0.7488518938365057,-3.642819757377666e-5,0.43667663367489096,0
542_FS,0.7314102649688721,2.4381498326610177e-6,0.019624414976639703,0
543_FS,0.6645634563301133,-1.3558920718266282e-5,0.13756389390990334,0
545_FS,0.6759789536261727,7.735014228285401e-6,0.0770998717435418,0
546_FS,0.6333162186969108,4.0422394344661015e-7,0.17910919272672204,0
549_FS,0.6615348718268863,-5.933583063522923e-5,0.22933194239164753,0
54_SC,0.733260412204212,-2.7392864586131504e-5,0.13756389390990334,0
555_FS,0.5518505608189441,-5.775506519349155e-5,0.43667663367489096,0
557_FS,0.5574619648262948,-5.789455913362049e-5,0.8320040285726366,0
558_FS,0.5808048682257216,-3.448925017664454e-5,0.9436280222029834,0
559_FS,0.5191716670130309,-5.925787043203029e-6,0.6206179464376897,0
55_SC,0.6796529796818929,-3.5937759787130135e-5,0.43667663367489096,0
561_BZ,0.660683826152386,-4.4622870905208926e-5,0.22933194239164753,0
563_BZ,0.5991732500533156,-1.6871747695736107e-5,0.9436280222029834,0
565_BZ,0.6623824970670447,-9.271825353304545e-6,0.5245182802130763,0
566_BZ,0.6334997980876169,8.783993659901838e-6,0.2888443663464849,0
56_SC,0.6796529796818929,-3.5937759787130135e-5,0.43667663367489096,0
571_BZ,0.6881314513016737,6.044658242514266e-6,0.35797067264432814,0
572_BZ,0.7410204934225855,-7.400032577848644e-6,0.2888443663464849,0
573_BZ,0.6722236458133255,-2.400144701256782e-5,0.103876157063085,0
574_BZ,0.688185562532722,-2.8327134721008412e-5,0.17910919272672204,0
575_BZ,0.7420441222616581,-3.6361190649709507e-5,0.02837726673798745,1
577_BZ,0.7314526432727366,-1.4245143860616657e-5,0.43667663367489096,0
578_BZ,0.6871170781941408,-2.9494304727482633e-5,0.35797067264432814,0
579_BZ,0.6338970521118084,-3.69248344656326e-5,0.8320040285726366,0
57_SC,0.7384176952971353,-3.610173219014219e-5,0.6206179464376897,0
580_BZ,0.5906243685308977,-2.4823031795808786e-5,0.8320040285726366,0
581_BZ,0.6585872139942648,-1.2820247443789956e-5,1,0
583_BZ,0.6501879449165423,6.559516030236231e-6,0.103876157063085,0
585_BZ,0.7034380788949941,-8.369560681745613e-7,0.7236736098317631,0
586_BZ,0.7146932918592045,-1.832258188921301e-5,0.35797067264432814,0
588_BZ,0.7097637192018671,-1.519745638985084e-5,0.6206179464376897,0
589_BZ,0.7271632387248159,-1.263532224575423e-5,0.43667663367489096,0
58_SC,0.7288540035949795,-2.393119149385426e-5,0.7236736098317631,0
590_BZ,0.7224535116782556,-1.3173238407387142e-5,0.7236736098317631,0
593_BZ,0.6983769195194496,8.62712923349469e-6,0.103876157063085,0
595_BZ,0.7200430694863549,-6.861235782036551e-6,0.8320040285726366,0
596_BZ,0.7110700554460592,-1.8987431970048595e-6,0.05623780387727595,0
597_BZ,0.632954628998771,2.5182516735260054e-5,0.005820666407810881,0
598_BZ,0.7022963997542608,3.051995281374109e-6,0.019624414976639703,0
599_BZ,0.6282888565630322,4.214265507815493e-5,1.7848775202400114e-4,0
5_SC,0.7213694221900422,-1.8151119288016225e-5,0.103876157063085,0
600_BZ,0.5854415676338159,2.2075784293267132e-5,0.22933194239164753,0
601_BZ,0.595332729292448,-1.4423329148695428e-5,0.0770998717435418,0
604_BZ,0.5907878318010858,-1.367022968318663e-5,0.13756389390990334,0
607_BZ,0.630551115152492,-4.866917928059896e-6,0.43667663367489096,0
609_BZ,0.7150805865148977,-2.509686346945864e-5,0.2888443663464849,0
60_SC,0.7025384756329789,-3.4463349148898736e-5,0.13756389390990334,0
611_BZ,0.7282925500218032,-2.6956785461233758e-5,0.35797067264432814,0
613_BZ,0.6787372874398245,-1.1938641491225335e-5,0.9436280222029834,0
614_BZ,0.7065698714319237,-1.2873476186908356e-5,0.8320040285726366,0
616_BZ,0.7498926649158206,-4.0342483511647374e-5,0.35797067264432814,0
61_SC,0.6865877585353433,-1.66983523415154e-5,0.6206179464376897,0
620_BZ,0.7430152634555949,-3.471117230746456e-5,0.0770998717435418,0
621_BZ,0.7622444033622742,-2.3519254460334588e-5,0.7236736098317631,0
622_BZ,0.752690012268743,-3.0136938917941704e-5,0.13756389390990334,0
623_BZ,0.7332335876087253,-3.5149186911943725e-5,0.019624414976639703,1
624_BZ,0.6951306854179458,-1.2949219966887354e-5,0.9436280222029834,0
625_BZ,0.672119919549528,-5.029721163775168e-6,0.7236736098317631,0
626_BZ,0.745111967720935,-1.0979541290070305e-5,0.6206179464376897,0
628_BZ,0.7365864625574006,-8.437531587445394e-6,0.5245182802130763,0
62_SC,0.7579396837582508,-3.195839317698594e-5,0.019624414976639703,1
630_BZ,0.7365864625574006,-8.437531587445394e-6,0.5245182802130763,0
632_BZ,0.749019890232479,-3.267349519232128e-5,0.17910919272672204,0
633_BZ,0.7560177551907173,-8.199730515940112e-6,0.13756389390990334,0
634_BZ,0.7762274659515926,-6.647186674817486e-6,0.8320040285726366,0
635_BZ,0.7521112876865385,-1.0836672699013382e-5,0.43667663367489096,0
636_BZ,0.7593348763269869,-2.6309299851057783e-5,0.6206179464376897,0
637_BZ,0.7548177739977349,-1.0976210835882396e-5,0.6206179464376897,0
638_BZ,0.7330654205651648,-3.914253921168613e-6,0.22933194239164753,0
639_BZ,0.7500032581065135,6.68615558564197e-6,0.43667663367489096,0
63_SC,0.7120250258233386,-3.44297418476076e-5,0.7236736098317631,0
640_BZ,0.7690041534446314,-9.651046497284944e-6,0.43667663367489096,0
642_MF,0.7800375687530617,-4.724814615870217e-5,0.0014627165866811518,2
644_MF,0.7832720110813777,-2.8879726333058903e-5,0.04030497436254078,1
645_MF,0.7902696318907276,-3.3610357451731366e-5,0.002361392962674657,2
647_MF,0.7567660212516785,-3.1696253191714654e-5,0.005820666407810881,2
648_MF,0.7464680772271682,-4.1305565800590975e-5,0.005820666407810881,2
64_SC,0.7769400801725734,-4.318876835536819e-5,0.17910919272672204,0
650_MF,0.7504168494805654,-3.24764582930428e-5,0.05623780387727595,0
651_MF,0.7458310067682157,-5.507314266451239e-5,5.305801122510547e-4,3
652_MF,0.7296019747457109,-4.170750821802586e-5,0.019624414976639703,1
655_MF,0.7235515637837886,-3.239887732841945e-5,0.02837726673798745,1
656_MF,0.7510896057622227,-5.918842590407041e-5,5.305801122510547e-4,3
657_MF,0.7522657944456532,-4.203346117739676e-5,8.892670321324559e-4,3
658_MF,0.7484946982427076,-2.7428489778606895e-5,0.13756389390990334,0
659_MF,0.7763046670203031,-3.716643775160895e-5,0.002361392962674657,2
65_SC,0.7343947600495426,-2.6665901930863196e-5,0.6206179464376897,0
660_MF,0.7699627876281738,-2.2478179266014363e-5,0.013328328780817557,1
663_MF,0.7475001530608896,-2.8649883176876497e-5,0.103876157063085,0
665_MF,0.7501676078536756,-2.5231209341557265e-5,0.13756389390990334,0
667_MF,0.717043685390586,-8.582969785764272e-6,0.22933194239164753,0
668_MF,0.7564845375410689,-2.7372033135204305e-5,0.103876157063085,0
669_MF,0.7659919546303438,-3.71666682313747e-5,0.17910919272672204,0
66_SC,0.761961725556132,-1.759131189422809e-5,0.35797067264432814,0
670_MF,0.7922977536574958,-2.5612379640733595e-5,0.13756389390990334,0
671_MF,0.7629085264783926,-1.553228649147327e-5,1,0
672_MF,0.78708702192879,-2.8011879964484692e-5,0.35797067264432814,0
674_MF,0.7841842189189139,-3.0308698182837846e-5,0.0770998717435418,0
675_MF,0.7396573586902591,-4.940749296163867e-5,0.013328328780817557,1
676_MF,0.7580776547077007,-4.420513585614635e-5,0.0770998717435418,0
677_MF,0.7722063549831322,-2.760144121891169e-5,0.103876157063085,0
678_MF,0.7674702532734166,-5.400313657119025e-5,0.003741903955543126,2
679_MF,0.7954370090817706,-2.2864783699484966e-5,0.04030497436254078,1
680_MF,0.786899601466359,-6.2833912840424524e-6,1,0
681_MF,0.7806280501038563,-4.972845224530298e-5,0.003741903955543126,2
682_MF,0.7739915500252272,-5.896661322476012e-5,8.892670321324559e-4,3
685_MF,0.7072399980163504,-4.099051602114642e-5,0.103876157063085,0
686_MF,0.7803927816434513,-1.8543214103710755e-5,0.9436280222029834,0
687_MF,0.7354430522107257,-3.0510450324923043e-5,0.2888443663464849,0
688_MF,0.7421828332478193,-2.401429151396417e-5,0.103876157063085,0
690_MF,0.7522939155032542,-2.5705992094890034e-5,0.019624414976639703,1
692_MF,0.7109873214979674,-5.262298272299645e-5,1.6079825760167015e-5,3
693_MF,0.7251107694475523,-5.8390518081068106e-5,4.302779463675126e-6,3
696_MF,0.6983626966212756,-6.689836878883123e-5,1.6079825760167015e-5,3
697_MF,0.7231623406328027,-5.954623188062054e-5,5.305801122510547e-4,3
698_MF,0.7371787961672103,-6.596543359889887e-5,0.0014627165866811518,2
69_SC,0.6831967307957356,-3.161324108151173e-5,0.35797067264432814,0
705_MF,0.7276789704724351,-3.70916667225868e-5,0.103876157063085,0
707_MF,0.7362410274195677,-1.8197435555934007e-5,0.6206179464376897,0
708_MF,0.7690049882277217,-4.880402209984995e-7,0.7236736098317631,0
709_MF,0.7576232039266162,-1.597689986365705e-5,0.6206179464376897,0
710_MF,0.7420811114576052,-3.222649793367709e-5,0.008888969943914301,2
712_MF,0.7579411838535126,-1.852273624706783e-5,0.22933194239164753,0
713_MF,0.7836143389859298,-1.6028773004362634e-5,0.05623780387727595,0
714_MF,0.7727472620825571,-1.7325705775253237e-5,0.7236736098317631,0
715_MF,0.7714011429407865,-1.757189614587694e-5,0.17910919272672204,0
716_MF,0.8022225257820481,-2.1086506740035093e-5,0.22933194239164753,0
717_MF,0.6848781192510398,-3.4986268958530982e-6,0.2888443663464849,0
718_MF,0.7195972562678604,-9.29076419572523e-7,0.13756389390990334,0
720_MF,0.7211783494721926,1.2424971838122706e-5,0.17910919272672204,0
721_TR,0.6598100399368869,-5.165628661146017e-5,0.2888443663464849,0
727_TR,0.7354509966145256,-4.3071562095128385e-5,3.106603426391905e-4,3
728_TR,0.7325992592410369,-5.688743239460672e-5,3.0203042064138284e-5,3
72_SC,0.6935543350548583,-4.302712087113682e-5,0.17910919272672204,0
730_TR,0.7561157967389547,-4.981430151617476e-5,3.106603426391905e-4,3
733_TR,0.759929747459968,-4.368401977806304e-5,0.008888969943914301,2
735_TR,0.7074548869320583,-5.678171138742786e-5,3.106603426391905e-4,3
736_TR,0.7542911615966956,-4.6918168076800864e-5,0.005820666407810881,2
737_TR,0.7057453033501023,-3.3553201141985983e-5,0.04030497436254078,1
738_TR,0.7044012043164762,-3.6391624093708784e-5,0.003741903955543126,2
73_SC,0.7215561138017885,-2.193384119468972e-5,0.35797067264432814,0
744_TR,0.696381972244841,-7.339449802627978e-5,5.5656279961398963e-05,3
747_TR,0.6203577386434862,-6.046415925342152e-5,0.019624414976639703,1
74_SC,0.6823660513599465,-5.2354345334023646e-5,0.103876157063085,0
750_TR,0.5867867991990235,-5.944577035398238e-5,0.02837726673798745,1
752_TR,0.5833718844035378,-5.1723673780998666e-5,0.6206179464376897,0
753_TR,0.605581496673965,-3.34119705509291e-5,1,0
755_TR,0.6172434641150849,-2.9923100994363268e-5,0.8320040285726366,0
757_TR,0.6333127068142683,-3.238192477757173e-5,0.8320040285726366,0
75_SC,0.7242965421141492,-3.0780015229676515e-5,0.22933194239164753,0
760_TR,0.6295214337745755,-6.685171245302072e-5,0.0770998717435418,0
765_TR,0.5767348168452877,-3.757947694134218e-5,0.9436280222029834,0
766_TR,0.6634477691631351,-4.886076761837029e-5,0.0770998717435418,0
770_TR,0.6460650363825838,-6.567245115063148e-5,0.008888969943914301,2
772_TR,0.7705875425804394,-6.368489675549654e-5,0.005820666407810881,2
77_SC,0.7059121189347233,-5.184539626850537e-5,0.02837726673798745,1
781_TR,0.705687603384164,-2.0097157561402057e-5,0.9436280222029834,0
782_TR,0.705687603384164,-2.0097157561402057e-5,0.9436280222029834,0
783_TR,0.7291780870157769,-3.624150488981975e-5,0.9436280222029834,0
786_TR,0.7200564938807875,-2.8410080172260626e-5,0.9436280222029834,0
788_TR,0.7184785554210739,-2.013916357974774e-5,0.7236736098317631,0
790_TR,0.6867175529234979,-6.767621588086632e-5,0.04030497436254078,1
792_TR,0.655382337822644,-2.102580521722584e-5,0.9436280222029834,0
796_TR,0.6496838909203091,-3.979376884317354e-5,0.13756389390990334,0
79_SC,0.7097822093653565,-2.541191407231198e-5,0.04030497436254078,1
7_SC,0.738249273537268,-3.52575589540032e-5,0.22933194239164753,0
80_SC,0.7114187158754873,-2.1836416238948174e-5,0.9436280222029834,0
82_IE,0.7701578354841645,-3.0392961468438925e-5,0.17910919272672204,0
83_IE,0.7649907259101086,-2.1043048701416714e-5,0.5245182802130763,0
84_IE,0.7464238918343333,-2.8862348440940003e-5,0.6206179464376897,0
85_IE,0.7682717071623328,-7.676967210576942e-5,0.005820666407810881,2
86_IE,0.7284030767932402,-5.392200882885811e-5,0.013328328780817557,1
87_IE,0.7816862047232918,-5.201822194945196e-5,0.002361392962674657,2
89_IE,0.7977240983610111,-2.9089850593194307e-5,0.02837726673798745,1
8_SC,0.738249273537268,-3.52575589540032e-5,0.22933194239164753,0
92_IE,0.6858921986117374,-3.157165227132244e-5,0.003741903955543126,2
93_IE,0.7283994145013956,-1.4765511344717127e-5,0.7236736098317631,0
94_IE,0.765448610047218,-1.7470871106200635e-5,0.17910919272672204,0
95_IE,0.757119136992102,-1.4820938263007457e-5,0.0770998717435418,0
99_IE,0.7671496396183585,-1.417251909008918e-5,0.35797067264432814,0
9_SC,0.7259366187871052,-1.6038632661989872e-5,0.9436280222029834,0
